{
    "name": "root",
    "gauges": {
        "Hummingbird.Policy.Entropy.mean": {
            "value": 1.301102876663208,
            "min": 1.301102876663208,
            "max": 1.4189382791519165,
            "count": 136
        },
        "Hummingbird.Environment.EpisodeLength.mean": {
            "value": 59.524096385542165,
            "min": 53.78977272727273,
            "max": 999.0,
            "count": 136
        },
        "Hummingbird.Policy.ExtrinsicValueEstimate.mean": {
            "value": 61.01980209350586,
            "min": -0.01974378153681755,
            "max": 62.265357971191406,
            "count": 136
        },
        "Hummingbird.Environment.CumulativeReward.mean": {
            "value": 78.90963883141437,
            "min": -8.250833670298258,
            "max": 2613.25595703125,
            "count": 136
        },
        "Hummingbird.Policy.ExtrinsicReward.mean": {
            "value": 78.90963883141437,
            "min": -8.250833670298258,
            "max": 2613.25595703125,
            "count": 136
        },
        "Hummingbird.IsTraining.mean": {
            "value": 1.0,
            "min": 1.0,
            "max": 1.0,
            "count": 136
        },
        "Hummingbird.Losses.ValueLoss.mean": {
            "value": 1167.4908447265625,
            "min": 0.12974384427070618,
            "max": 2197.88232421875,
            "count": 65
        },
        "Hummingbird.Losses.PolicyLoss.mean": {
            "value": 0.014762130565941334,
            "min": 0.011555605567991734,
            "max": 0.023398857563734055,
            "count": 65
        },
        "Hummingbird.Policy.LearningRate.mean": {
            "value": 0.00021880448912270367,
            "min": 0.00021880448912270367,
            "max": 0.0002987688349094242,
            "count": 65
        },
        "Hummingbird.Policy.Epsilon.mean": {
            "value": 0.1729348599910736,
            "min": 0.1729348599910736,
            "max": 0.19958963990211487,
            "count": 65
        },
        "Hummingbird.Policy.Beta.mean": {
            "value": 0.0036494480445981026,
            "min": 0.0036494480445981026,
            "max": 0.004979521036148071,
            "count": 65
        }
    },
    "metadata": {
        "timer_format_version": "0.1.0",
        "start_time_seconds": "1603180440",
        "python_version": "3.8.3 (default, Jul  2 2020, 17:30:36) [MSC v.1916 64 bit (AMD64)]",
        "command_line_arguments": "C:\\Users\\dcbur\\anaconda3\\Scripts\\mlagents-learn .\\new_trainer_config.yaml --run-id hb_12",
        "mlagents_version": "0.21.0",
        "mlagents_envs_version": "0.21.0",
        "communication_protocol_version": "1.2.0",
        "tensorflow_version": "2.3.1",
        "numpy_version": "1.18.5",
        "end_time_seconds": "1603191073"
    },
    "total": 10632.7716594,
    "count": 1,
    "self": 0.003991699999460252,
    "children": {
        "run_training.setup": {
            "total": 0.007221899999999781,
            "count": 1,
            "self": 0.007221899999999781
        },
        "TrainerController.start_learning": {
            "total": 10632.7604458,
            "count": 1,
            "self": 26.83435750022909,
            "children": {
                "TrainerController._reset_env": {
                    "total": 7.912920400000001,
                    "count": 1,
                    "self": 7.912920400000001
                },
                "TrainerController.advance": {
                    "total": 10596.42168959977,
                    "count": 1364952,
                    "self": 12.242703099740538,
                    "children": {
                        "env_step": {
                            "total": 10584.17898650003,
                            "count": 1364952,
                            "self": 9952.836426800697,
                            "children": {
                                "SubprocessEnvManager._take_step": {
                                    "total": 617.2719218992249,
                                    "count": 1364952,
                                    "self": 23.214901998767573,
                                    "children": {
                                        "TFPolicy.evaluate": {
                                            "total": 594.0570199004574,
                                            "count": 1362364,
                                            "self": 594.0570199004574
                                        }
                                    }
                                },
                                "workers": {
                                    "total": 14.070637800107896,
                                    "count": 1364951,
                                    "self": 0.0,
                                    "children": {
                                        "worker_root": {
                                            "total": 10596.95037079986,
                                            "count": 1364951,
                                            "is_parallel": true,
                                            "self": 1504.2193045001914,
                                            "children": {
                                                "steps_from_proto": {
                                                    "total": 0.0002843000000005702,
                                                    "count": 1,
                                                    "is_parallel": true,
                                                    "self": 8.170000000085054e-05,
                                                    "children": {
                                                        "_process_vector_observation": {
                                                            "total": 0.00020259999999971967,
                                                            "count": 8,
                                                            "is_parallel": true,
                                                            "self": 0.00020259999999971967
                                                        }
                                                    }
                                                },
                                                "UnityEnvironment.step": {
                                                    "total": 9092.730781999668,
                                                    "count": 1364951,
                                                    "is_parallel": true,
                                                    "self": 67.46970980000515,
                                                    "children": {
                                                        "UnityEnvironment._generate_step_input": {
                                                            "total": 128.61204860009911,
                                                            "count": 1364951,
                                                            "is_parallel": true,
                                                            "self": 128.61204860009911
                                                        },
                                                        "communicator.exchange": {
                                                            "total": 8579.678374400275,
                                                            "count": 1364951,
                                                            "is_parallel": true,
                                                            "self": 8579.678374400275
                                                        },