{"cameraMode":{"drawMode":0,"name":"Shaded","section":"Shading Mode"},"sceneLighting":false,"audioPlay":false,"sceneViewState":{"showFog":false,"showMaterialUpdate":false,"showSkybox":false,"showFlares":false,"showImageEffects":false,"showParticleSystems":false},"in2DMode":false,"pivot":{"x":98.97743225097656,"y":-0.5672147274017334,"z":-2.768263816833496},"rotation":{"x":-0.07021614909172058,"y":-0.47011327743530276,"z":0.037775568664073947,"w":-0.8790916800498962},"size":11.943299293518067,"orthographic":false}