{"cameraMode":{"drawMode":0,"name":"Shaded","section":"Shading Mode"},"sceneLighting":true,"audioPlay":false,"sceneViewState":{"showFog":false,"showMaterialUpdate":false,"showSkybox":false,"showFlares":false,"showImageEffects":false,"showParticleSystems":false},"in2DMode":false,"pivot":{"x":95.97650909423828,"y":0.9170688390731812,"z":-3.2065939903259279},"rotation":{"x":-0.14291898906230927,"y":-0.5675866603851318,"z":0.10082732886075974,"w":-0.8045243620872498},"size":199.177978515625,"orthographic":false}