{"cameraMode":{"drawMode":0,"name":"Shaded","section":"Shading Mode"},"sceneLighting":true,"audioPlay":false,"sceneViewState":{"showFog":true,"showMaterialUpdate":true,"showSkybox":true,"showFlares":true,"showImageEffects":true,"showParticleSystems":true},"in2DMode":false,"pivot":{"x":0.061085283756256106,"y":2.342081069946289,"z":-1.1849573850631714},"rotation":{"x":0.04272060841321945,"y":-0.84213787317276,"z":0.06731438636779785,"w":0.533392071723938},"size":0.6069326400756836,"orthographic":false}