{"cameraMode":{"drawMode":0,"name":"Shaded","section":"Shading Mode"},"sceneLighting":true,"audioPlay":false,"sceneViewState":{"showFog":false,"showMaterialUpdate":false,"showSkybox":false,"showFlares":false,"showImageEffects":false,"showParticleSystems":false},"in2DMode":false,"pivot":{"x":0.7848052978515625,"y":-0.419635534286499,"z":-0.4204164445400238},"rotation":{"x":-0.1287715584039688,"y":-0.7939409017562866,"z":0.1808089017868042,"w":-0.5662805438041687},"size":10.094624519348145,"orthographic":false}