{"cameraMode":{"drawMode":0,"name":"Shaded","section":"Shading Mode"},"sceneLighting":false,"audioPlay":false,"sceneViewState":{"showFog":false,"showMaterialUpdate":false,"showSkybox":false,"showFlares":false,"showImageEffects":false,"showParticleSystems":false},"in2DMode":false,"pivot":{"x":-0.0449904203414917,"y":0.30937498807907107,"z":0.08250665664672852},"rotation":{"x":-0.011914239265024662,"y":-0.9851890802383423,"z":0.0773279219865799,"w":-0.15347722172737122},"size":4.905917644500732,"orthographic":false}