{"cameraMode":{"drawMode":0,"name":"Shaded","section":"Shading Mode"},"sceneLighting":false,"audioPlay":false,"sceneViewState":{"showFog":false,"showMaterialUpdate":false,"showSkybox":false,"showFlares":false,"showImageEffects":false,"showParticleSystems":false},"in2DMode":false,"pivot":{"x":-1.7896332740783692,"y":1.9687082767486573,"z":0.0000013113021850585938},"rotation":{"x":-0.1287715584039688,"y":-0.7939409017562866,"z":0.1808089017868042,"w":-0.5662805438041687},"size":9.568049430847168,"orthographic":false}