{"cameraMode":{"drawMode":0,"name":"Shaded","section":"Shading Mode"},"sceneLighting":true,"audioPlay":false,"sceneViewState":{"showFog":false,"showMaterialUpdate":false,"showSkybox":false,"showFlares":false,"showImageEffects":false,"showParticleSystems":false},"in2DMode":false,"pivot":{"x":-0.014996811747550965,"y":0.10312500596046448,"z":0.027502238750457765},"rotation":{"x":0.04077030345797539,"y":-0.9019808173179627,"z":0.08709906786680222,"w":0.4210960268974304},"size":0.7353059649467468,"orthographic":false}