{"cameraMode":{"drawMode":0,"name":"Shaded","section":"Shading Mode"},"sceneLighting":false,"audioPlay":false,"sceneViewState":{"showFog":false,"showMaterialUpdate":false,"showSkybox":false,"showFlares":false,"showImageEffects":false,"showParticleSystems":false},"in2DMode":false,"pivot":{"x":0.00001947954297065735,"y":0.03846524655818939,"z":0.0010343287140130997},"rotation":{"x":-0.42560523748397829,"y":-0.12635457515716554,"z":0.06015205755829811,"w":-0.8940236568450928},"size":0.2295244336128235,"orthographic":false}