{"cameraMode":{"drawMode":0,"name":"Shaded","section":"Shading Mode"},"sceneLighting":false,"audioPlay":false,"sceneViewState":{"showFog":false,"showMaterialUpdate":false,"showSkybox":false,"showFlares":false,"showImageEffects":false,"showParticleSystems":false},"in2DMode":false,"pivot":{"x":0.0,"y":-0.017854347825050355,"z":-0.0951862782239914},"rotation":{"x":0.0051117693074047569,"y":-0.9596685171127319,"z":-0.016935622319579126,"w":-0.28085070848464968},"size":0.9390993118286133,"orthographic":false}