{"cameraMode":{"drawMode":0,"name":"Shaded","section":"Shading Mode"},"sceneLighting":false,"audioPlay":false,"sceneViewState":{"showFog":false,"showMaterialUpdate":false,"showSkybox":false,"showFlares":false,"showImageEffects":false,"showParticleSystems":false},"in2DMode":false,"pivot":{"x":-3.6035139560699465,"y":1.701225757598877,"z":-0.5420613884925842},"rotation":{"x":-0.03846440836787224,"y":-0.8562656044960022,"z":0.06467198580503464,"w":-0.5111952424049377},"size":0.8805000185966492,"orthographic":false}