{"cameraMode":{"drawMode":0,"name":"Shaded","section":"Shading Mode"},"sceneLighting":false,"audioPlay":false,"sceneViewState":{"showFog":false,"showMaterialUpdate":false,"showSkybox":false,"showFlares":false,"showImageEffects":false,"showParticleSystems":false},"in2DMode":false,"pivot":{"x":0.0,"y":0.8405340313911438,"z":0.04046471416950226},"rotation":{"x":0.12641242146492005,"y":0.7224669456481934,"z":-0.13742978870868684,"w":0.6658684015274048},"size":4.517920970916748,"orthographic":false}