{"cameraMode":{"drawMode":0,"name":"Shaded","section":"Shading Mode"},"sceneLighting":false,"audioPlay":false,"sceneViewState":{"showFog":false,"showMaterialUpdate":false,"showSkybox":false,"showFlares":false,"showImageEffects":false,"showParticleSystems":false},"in2DMode":false,"pivot":{"x":-0.022055357694625856,"y":-0.06615274399518967,"z":0.011517070233821869},"rotation":{"x":-0.18824182450771333,"y":-0.5759057402610779,"z":0.1383788287639618,"w":-0.7834287285804749},"size":0.31506016850471499,"orthographic":false}