{"cameraMode":{"drawMode":0,"name":"Shaded","section":"Shading Mode"},"sceneLighting":false,"audioPlay":false,"sceneViewState":{"showFog":false,"showMaterialUpdate":false,"showSkybox":false,"showFlares":false,"showImageEffects":false,"showParticleSystems":false},"in2DMode":false,"pivot":{"x":-3.568000555038452,"y":1.7245451211929322,"z":-0.5039777159690857},"rotation":{"x":-0.02049720659852028,"y":-0.7326292991638184,"z":0.022326959297060968,"w":-0.6800697445869446},"size":0.2804999053478241,"orthographic":false}