{"cameraMode":{"drawMode":0,"name":"Shaded","section":"Shading Mode"},"sceneLighting":false,"audioPlay":false,"sceneViewState":{"showFog":true,"showMaterialUpdate":true,"showSkybox":false,"showFlares":true,"showImageEffects":true,"showParticleSystems":true},"in2DMode":false,"pivot":{"x":0.0,"y":-0.008927173912525177,"z":-0.0475931391119957},"rotation":{"x":0.16218982636928559,"y":-0.8060898780822754,"z":0.2575985789299011,"w":0.5075365304946899},"size":0.14228777587413789,"orthographic":false}