{
    "name": "root",
    "gauges": {
        "Hummingbird.Policy.Entropy.mean": {
            "value": 1.4189382791519165,
            "min": 1.4189382791519165,
            "max": 1.4189382791519165,
            "count": 1
        },
        "Hummingbird.Policy.ExtrinsicValueEstimate.mean": {
            "value": -0.7135064601898193,
            "min": -0.7135064601898193,
            "max": -0.7135064601898193,
            "count": 1
        },
        "Hummingbird.Environment.EpisodeLength.mean": {
            "value": 999.0,
            "min": 999.0,
            "max": 999.0,
            "count": 1
        },
        "Hummingbird.Environment.CumulativeReward.mean": {
            "value": 4.999000310897827,
            "min": 4.999000310897827,
            "max": 4.999000310897827,
            "count": 1
        },
        "Hummingbird.Policy.ExtrinsicReward.mean": {
            "value": 4.999000310897827,
            "min": 4.999000310897827,
            "max": 4.999000310897827,
            "count": 1
        },
        "Hummingbird.IsTraining.mean": {
            "value": 1.0,
            "min": 1.0,
            "max": 1.0,
            "count": 1
        }
    },
    "metadata": {
        "timer_format_version": "0.1.0",
        "start_time_seconds": "1603080765",
        "python_version": "3.8.3 (default, Jul  2 2020, 17:30:36) [MSC v.1916 64 bit (AMD64)]",
        "command_line_arguments": "C:\\Users\\dcbur\\anaconda3\\Scripts\\mlagents-learn .\\new_trainer_config.yaml --run-id hb_01",
        "mlagents_version": "0.21.0",
        "mlagents_envs_version": "0.21.0",
        "communication_protocol_version": "1.2.0",
        "tensorflow_version": "2.3.1",
        "numpy_version": "1.18.5",
        "end_time_seconds": "1603080885"
    },
    "total": 120.6255972,
    "count": 1,
    "self": 0.003744799999992665,
    "children": {
        "run_training.setup": {
            "total": 0.004552200000000006,
            "count": 1,
            "self": 0.004552200000000006
        },
        "TrainerController.start_learning": {
            "total": 120.6173002,
            "count": 1,
            "self": 0.32122730000074284,
            "children": {
                "TrainerController._reset_env": {
                    "total": 14.087740400000001,
                    "count": 1,
                    "self": 14.087740400000001
                },
                "TrainerController.advance": {
                    "total": 104.77298629999926,
                    "count": 18237,
                    "self": 0.1449337999998619,
                    "children": {
                        "env_step": {
                            "total": 104.6280524999994,
                            "count": 18237,
                            "self": 97.21627190000063,
                            "children": {
                                "SubprocessEnvManager._take_step": {
                                    "total": 7.245344399998881,
                                    "count": 18237,
                                    "self": 0.27963799999940875,
                                    "children": {
                                        "TFPolicy.evaluate": {
                                            "total": 6.965706399999473,
                                            "count": 18237,
                                            "self": 6.965706399999473
                                        }
                                    }
                                },
                                "workers": {
                                    "total": 0.16643619999988957,
                                    "count": 18236,
                                    "self": 0.0,
                                    "children": {
                                        "worker_root": {
                                            "total": 105.79535450000014,
                                            "count": 18236,
                                            "is_parallel": true,
                                            "self": 18.14064209999853,
                                            "children": {
                                                "steps_from_proto": {
                                                    "total": 0.00030109999999972104,
                                                    "count": 1,
                                                    "is_parallel": true,
                                                    "self": 7.479999999837617e-05,
                                                    "children": {
                                                        "_process_vector_observation": {
                                                            "total": 0.00022630000000134487,
                                                            "count": 8,
                                                            "is_parallel": true,
                                                            "self": 0.00022630000000134487
                                                        }
                                                    }
                                                },
                                                "UnityEnvironment.step": {
                                                    "total": 87.65441130000161,
                                                    "count": 18236,
                                                    "is_parallel": true,
                                                    "self": 0.788645900003246,
                                                    "children": {
                                                        "UnityEnvironment._generate_step_input": {
                                                            "total": 1.4761503999988008,
                                                            "count": 18236,
                                                            "is_parallel": true,
                                                            "self": 1.4761503999988008
                                                        },
                                                        "communicator.exchange": {
                                                            "total": 81.54746449999953,
                                                            "count": 18236,
                                                            "is_parallel": true,
                                                            "self": 81.54746449999953
                                                        },
                                                        "steps_from_proto": {
                                                            "total": 3.842150500000029,
                                                            "count": 18236,
                                                            "is_parallel": true,
                                                            "self": 1.180545100002707,
                                                            "children": {
                                                                "_process_vector_observation": {
                                                                    "total": 2.661605399997322,
                                                                    "count": 145888,
                                                                    "is_parallel": true,