{"count":1,"self":47.431171199999994,"total":48.5923343,"children":{"AgentSendState":{"count":2110,"self":0.0916979,"total":0.17544179999999998,"children":{"CollectObservations":{"count":844,"self":0.023973099999999997,"total":0.023973099999999997,"children":null},"CollectDiscreteActionMasks":{"count":844,"self":0.0049854999999999995,"total":0.0049854999999999995,"children":null},"RayPerceptionSensor.Perceive":{"count":1266,"self":0.054785299999999995,"total":0.054785299999999995,"children":null}}},"DecideAction":{"count":2110,"self":0.857078,"total":0.90594749999999991,"children":{"RayPerceptionSensor.Perceive":{"count":1266,"self":0.048869499999999996,"total":0.048869499999999996,"children":null}}},"AgentAct":{"count":2110,"self":0.0787778,"total":0.0787778,"children":null}},"gauges":{},"metadata":{"timer_format_version":"0.1.0","start_time_seconds":"1602789526","unity_version":"2019.3.2f1","command_line_arguments":"D:\\Unity\\2019.3.2f1\\Editor\\Unity.exe -projectpath C:\/Users\/Devzo\/OneDrive\/Documents\/GIMM400\/repo_MLAgents\/MLAgents\/Hummingbirds -useHub -hubIPC -cloudEnvironment production -hubSessionId cf2dbe60-0f1a-11eb-9b55-8b0f244c1432","communication_protocol_version":"1.0.0","com.unity.ml-agents_version":"1.0.5","scene_name":"FlowerIsland","end_time_seconds":"1602789575"}}